[{"model": "listanimal.animalinfo", "pk": 1, "fields": {"number": "50913648", "animal_type": 1, "age": "Baby", "gender": "Female", "size": "Medium", "name": "Suzie", "status": "adoptable", "color": 1, "photos": "[]"}}, {"model": "listanimal.animalinfo", "pk": 2, "fields": {"number": "50913647", "animal_type": 2, "age": "Baby", "gender": "Male", "size": "Medium", "name": "Vince", "status": "adoptable", "color": 1, "photos": "[]"}}, {"model": "listanimal.animalinfo", "pk": 3, "fields": {"number": "50913646", "animal_type": 1, "age": "Young", "gender": "Male", "size": "Medium", "name": "Oakley", "status": "adoptable", "color": 1, "photos": "[]"}}, {"model": "listanimal.animalinfo", "pk": 4, "fields": {"number": "50913633", "animal_type": 1, "age": "Adult", "gender": "Male", "size": "Small", "name": "Scamp", "status": "adoptable", "color": 1, "photos": "[]"}}, {"model": "listanimal.animalinfo", "pk": 5, "fields": {"number": "50913635", "animal_type": 1, "age": "Young", "gender": "Male", "size": "Small", "name": "Mango", "status": "adoptable", "color": 1, "photos": "[]"}}, {"model": "listanimal.animalinfo", "pk": 6, "fields": {"number": "50913636", "animal_type": 1, "age": "Adult", "gender": "Female", "size": "Small", "name": "Cayenne", "status": "adoptable", "color": 2, "photos": "[]"}}, {"model": "listanimal.animalinfo", "pk": 7, "fields": {"number": "50913637", "animal_type": 1, "age": "Adult", "gender": "Female", "size": "Small", "name": "Luisa", "status": "adoptable", "color": 2, "photos": "[]"}}, {"model": "listanimal.animalinfo", "pk": 8, "fields": {"number": "50913638", "animal_type": 1, "age": "Adult", "gender": "Female", "size": "Small", "name": "Bug", "status": "adoptable", "color": 2, "photos": "[]"}}, {"model": "listanimal.animalinfo", "pk": 9, "fields": {"number": "50913641", "animal_type": 1, "age": "Adult", "gender": "Male", "size": "Small", "name": "Ruben", "status": "adoptable", "color": 2, "photos": "[]"}}, {"model": "listanimal.animalinfo", "pk": 10, "fields": {"number": "50913642", "animal_type": 1, "age": "Adult", "gender": "Male", "size": "Small", "name": "Bristol", "status": "adoptable", "color": 2, "photos": "[]"}}, {"model": "listanimal.animalinfo", "pk": 11, "fields": {"number": "50913643", "animal_type": 1, "age": "Adult", "gender": "Female", "size": "Small", "name": "Fiona", "status": "adoptable", "color": 2, "photos": "[]"}}, {"model": "listanimal.animalinfo", "pk": 12, "fields": {"number": "50913644", "animal_type": 1, "age": "Adult", "gender": "Female", "size": "Small", "name": "Chi", "status": "adoptable", "color": 2, "photos": "[]"}}, {"model": "listanimal.animalinfo", "pk": 13, "fields": {"number": "50913645", "animal_type": 1, "age": "Senior", "gender": "Female", "size": "Small", "name": "Peanut", "status": "adoptable", "color": 1, "photos": "[]"}}, {"model": "listanimal.animalinfo", "pk": 14, "fields": {"number": "50913627", "animal_type": 2, "age": "Adult", "gender": "Female", "size": "Medium", "name": "Nova", "status": "adoptable", "color": 3, "photos": "[\"https://dl5zpyw5k3jeb.cloudfront.net/photos/pets/50913627/1/?bust=1616059083\"]"}}, {"model": "listanimal.animalinfo", "pk": 15, "fields": {"number": "50913628", "animal_type": 2, "age": "Adult", "gender": "Male", "size": "Medium", "name": "Duke", "status": "adoptable", "color": 4, "photos": "[\"https://dl5zpyw5k3jeb.cloudfront.net/photos/pets/50913628/1/?bust=1616059083\"]"}}, {"model": "listanimal.animalinfo", "pk": 16, "fields": {"number": "50913630", "animal_type": 2, "age": "Baby", "gender": "Female", "size": "Medium", "name": "Abby", "status": "adoptable", "color": 4, "photos": "[\"https://dl5zpyw5k3jeb.cloudfront.net/photos/pets/50913630/1/?bust=1616059083\"]"}}, {"model": "listanimal.animalinfo", "pk": 17, "fields": {"number": "50913632", "animal_type": 2, "age": "Adult", "gender": "Female", "size": "Medium", "name": "Nyssa", "status": "adoptable", "color": 4, "photos": "[\"https://dl5zpyw5k3jeb.cloudfront.net/photos/pets/50913632/1/?bust=1616059084\"]"}}, {"model": "listanimal.animalinfo", "pk": 18, "fields": {"number": "50913629", "animal_type": 2, "age": "Adult", "gender": "Female", "size": "Medium", "name": "Luna", "status": "adoptable", "color": 3, "photos": "[\"https://dl5zpyw5k3jeb.cloudfront.net/photos/pets/50913629/1/?bust=1616059084\"]"}}, {"model": "listanimal.animalinfo", "pk": 19, "fields": {"number": "50913625", "animal_type": 2, "age": "Adult", "gender": "Male", "size": "Large", "name": "Cadman", "status": "adoptable", "color": 5, "photos": "[\"https://dl5zpyw5k3jeb.cloudfront.net/photos/pets/50913625/1/?bust=1616059084\"]"}}, {"model": "listanimal.animalinfo", "pk": 20, "fields": {"number": "50913626", "animal_type": 2, "age": "Adult", "gender": "Female", "size": "Large", "name": "Heidi", "status": "adoptable", "color": 5, "photos": "[]"}}, {"model": "listanimal.animalcolor", "pk": 1, "fields": {"primary": "Buff / Tan / Fawn"}}, {"model": "listanimal.animalcolor", "pk": 2, "fields": {"primary": "Orange & White"}}, {"model": "listanimal.animalcolor", "pk": 3, "fields": {"primary": "White / Cream"}}, {"model": "listanimal.animalcolor", "pk": 4, "fields": {"primary": "Gray / Blue / Silver"}}, {"model": "listanimal.animalcolor", "pk": 5, "fields": {"primary": "Tricolor (Brown, Black, & White)"}}, {"model": "listanimal.animaltype", "pk": 1, "fields": {"animal_type": "Cat"}}, {"model": "listanimal.animaltype", "pk": 2, "fields": {"animal_type": "Dog"}}, {"model": "listanimal.animalnews", "pk": 1, "fields": {"url_news": "https://russian.rt.com/russia/video/843338-buryi-medved-begaet-po-ulicam-nizhnevartovska-video", "description_news": "Бурый медведь бегает по улицам Нижневартовска — видео", "heading": "Пользователи сети из Нижневартовска опубликовали видео с бурым медведем. На кадрах видно, как хищник пытается догнать человека, но попадает под колёса автобуса. Животное удалось поймать на территории промышленного предприятия. По сообщениям СМИ, никто из прохожих не пострадал. Известно, что медведь жил на территории местной гостиницы.", "main_text": null, "url_media": "https://cdnv.rt.com/russian/video/2021.03/6052132aae5ac947844b359f.mp4", "time_post": "2021-03-17 17:34", "gallery_img": "[]"}}, {"model": "listanimal.animalnews", "pk": 2, "fields": {"url_news": "https://russian.rt.com/russia/news/843001-podmoskove-privivki-ot-beshenstva", "description_news": "В Подмосковье за год привили от бешенства больше полумиллиона животных", "heading": "Профилактические прививки от бешенства в Подмосковье в 2020 году получили около 550 тыс. домашних животных, передаёт пресс-служба областного Минсельхозпрода.", "main_text": "Об этом сообщает «Подмосковье сегодня». По словам и. о. главы ведомства Сергея Воскресенского, свыше 91 тыс. прививок поставили в рамках выездов. В текущем году планируется задействовать 114 выездных бригад.«Мы стараемся максимально упростить процесс профилактики против бешенства для владельцев, если они не имеют возможности привезти своего питомца на ветеринарную станцию», — отметил Воскресенский.Ранее сообщалось, что Россельхознадзор в апреле планирует объявить о создании вакцины против возбудителя COVID-19 для животных.", "url_media": "https://cdni.rt.com/russian/images/2021.03/article/6050aa2fae5ac908a5140a77.png", "time_post": "2021-03-16 16:56", "gallery_img": "[]"}}, {"model": "listanimal.animalnews", "pk": 3, "fields": {"url_news": "https://russian.rt.com/russia/news/842993-habarovskii-krai-olenevodstvo", "description_news": "В Хабаровском крае около 1,4 млн рублей направят на развитие оленеводства", "heading": "Правительство Хабаровского края планирует направить на развитие оленеводства в регионе около 1,4 млн рублей.", "main_text": "Об этом пишет transsibinfo.com со ссылкой на пресс-службу губернатора и правительства Хабаровского края.Около 45% оленей в настоящее время содержатся в личных хозяйствах, остальные — в общинах коренных народов Севера. Поголовье северных оленей в крае составляет 4534 особи.Ранее в Приморье рассказали о ситуации в секторе животноводства.", "url_media": "https://cdni.rt.com/russian/images/2021.03/article/6050a73802e8bd6f5072a208.png", "time_post": "2021-03-16 16:43", "gallery_img": "[]"}}, {"model": "listanimal.animalnews", "pk": 4, "fields": {"url_news": "https://russian.rt.com/russia/news/842842-obnaruzhenie-achs-primore", "description_news": "У домашних свиней в Приморье обнаружили АЧС", "heading": "Заболевание африканской чумой свиней (АЧС) выявлено в посёлке Новый Надеждинского района Приморья.", "main_text": "«Протоколом Приморской межобластной ветеринарной лаборатории Россельхознадзора от 16 марта 2021 года подтверждён случай заболевания вирусом африканской чумы свиней (АЧС) в хозяйстве на территории посёлка Новый Надеждинского района», — говорится в сообщении регионального управления Россельхознадзора.Отмечается, что ДНК вируса была обнаружена в патологическом материале трупов пяти свиней.В ведомстве напоминают, что данный вирус для человека не опасен.Ранее Минсельхозпрод Татарстана сообщил о шести выявленных в республике очагах АЧС среди диких кабанов.", "url_media": "https://cdni.rt.com/russian/images/2021.03/article/605065a902e8bd50936fb34b.jpg", "time_post": "2021-03-16 09:17", "gallery_img": "[]"}}, {"model": "listanimal.animalnews", "pk": 5, "fields": {"url_news": "https://russian.rt.com/russia/news/842496-beshenstvo-zhivotnyh-v-podmoskove-statistika", "description_news": "Число случаев бешенства животных сократилось на 77% в Подмосковье за год", "heading": "Пресс-служба Минсельхозпрода Московской области передаёт, что число случаев бешенства животных в регионе сократилось на 77% по сравнению с 2020 годом.", "main_text": "Об этом сообщает «Подмосковье сегодня».Так, с января текущего года в регионе зарегистрировали семь случаев бешенства животных в трёх муниципалитетах — Луховицах, Раменском и Подольске. Для сравнения: за аналогичный период прошлого года произошло 30 таких случаев в 13 округах.«Выполнение мероприятий по профилактике и ликвидации заразных, в том числе особо опасных, болезней животных находится под постоянным контролем министерства», — подчеркнул и. о. главы ведомства Сергей Воскресенский.Как ранее сообщало «Реальное время», Минсельхозпрод Татарстана сообщил о шести выявленных в республике очагах африканской чумы свиней среди диких кабанов.", "url_media": "https://cdni.rt.com/russian/images/2021.03/article/604f0641ae5ac916577277f2.png", "time_post": "2021-03-15 12:09", "gallery_img": "[]"}}, {"model": "listanimal.animalnews", "pk": 6, "fields": {"url_news": "https://russian.rt.com/russia/news/842126-bastrykin-buryatiya-ohota", "description_news": "Глава СК передал дело о незаконной охоте в Бурятии центральному аппарату", "heading": "Председатель Следственного комитета Александр Бастрыкин поручил передать уголовное дело о незаконной охоте в Алтачейском заказнике в Мухоршибирском районе Бурятии в центральный аппарат ведомства.", "main_text": "«Действия лиц, которые охотились в заповеднике, уже квалифицированы по соответствующей статье Уголовного кодекса (ч. 2 ст. 258 УК России), предусматривающей ответственность за незаконную охоту. Также возбуждено и расследуется уголовное дело о применении насилия в отношении представителя власти (ст.318 УК России)», — сообщили в СК.По данным следствия, 4 октября 2020 года ночью несколько мужчин приехали из Улан-Удэ на территорию Алтачейского заказника, где занялись незаконной охотой и убили двух косуль.На обратном пути в лесном массиве их задержала группа государственных инспекторов Байкальского природного заповедника.«Согласно показаниям одного из государственных инспекторов, водитель автомобиля не отреагировал на требование об остановке транспортного средства и пытался сбить его, причинив телесные повреждения», — отметили в Следственном комитете.При этом охотники заявили о якобы превышении инспектором должностных полномочий, поэтому «имеются основания полагать, что данные показания являются предвзятыми», говорится в пресс-релизе ведомства.Для наиболее полного и объективного расследования Бастрыкин поручил передать уголовное дело в Главное следственное управление СК.", "url_media": "https://cdnv.rt.com/russian/video/2021.03/604cf53602e8bd0a3718151d_2.mp4", "time_post": "2021-03-13 20:44", "gallery_img": "[]"}}, {"model": "listanimal.animalnews", "pk": 7, "fields": {"url_news": "https://russian.rt.com/russia/news/841492-tatarstan-afrikanskaya-chuma-svinei", "description_news": "В Татарстане выявили шесть очагов АЧС", "heading": "Минсельхозпрод Татарстана сообщил о шести выявленных в республике очагах африканской чумы свиней (АЧС) среди диких кабанов.", "main_text": "Как передаёт «Реальное время», четыре из них находятся в Заинском районе, ещё по одному — в Елабужском и Альметьевском районах.Начальник главного управления ветеринарии кабмина республики Алмаз Хисамутдинов заявил, что ведётся работа по максимальному отстрелу диких кабанов. Осуществляется мониторинг ситуации.Уточняется, что уничтожение животных ведётся в районах республики, граничащих с Кировской областью и Удмуртией.Как ранее сообщал «Янтарный край», в январе в Калининграде обсудили меры по борьбе с распространением АЧС.", "url_media": "https://cdni.rt.com/russian/images/2021.03/article/604a218fae5ac95a115cd97b.jpg", "time_post": "2021-03-11 17:07", "gallery_img": "[]"}}, {"model": "listanimal.animalnews", "pk": 8, "fields": {"url_news": "https://russian.rt.com/russia/news/841127-tyumen-ubiistvo-sobaki", "description_news": "В Тюмени возбуждено уголовное дело по факту жестокого убийства собаки", "heading": "Полиция задержала жительницу Тюмени, которая зарезала собаку своего сожителя после ссоры с ним. Возбуждено уголовное дело.", "main_text": "Об этом сообщает портал nashgorod.ru.  По сообщениям правоохранителей, 7 марта 32-летняя женщина поссорилась со своим сожителем и ударила его собаку ножом в горло, после чего выгнала животное на улицу.«Сообщение о случившемся поступило от жителей дома 7 марта в 16:00. В отдел полиции №5 была доставлена женщина. Возбуждено уголовное дело по ст. 245 УК «Жестокое обращение с животными». В настоящий момент подозреваемая находится под подпиской о невыезде», — уточнила пресс-секретарь УМВД по Тюмени Мария Новопашина.Сообщается, что жизнь собаке спасти не удалось — животное умерло на операционном столе.Как ранее сообщала газета «Известия», в Комсомольске-на-Амуре возбуждено уголовное дело после того, как подростки подпалили укрытие бродячей собаки со щенками.", "url_media": "https://cdni.rt.com/russian/images/2021.03/article/6048bdff02e8bd58c20d2540.png", "time_post": "2021-03-10 16:16", "gallery_img": "[]"}}, {"model": "listanimal.animalnews", "pk": 9, "fields": {"url_news": "https://russian.rt.com/russia/video/840766-tulun-lvica-cirk-spasenie", "description_news": "В Тулуне спасли взрослую львицу, которую долгое время держали в гараже", "heading": "В Иркутской области сотрудники полиции и зоозащитники спасли львицу по кличке Сури. Она девять месяцев жила в неотапливаемом частном гараже. Львицу заперли в нём после закрытия цирка, где она выступала. В настоящее время Сури перевезли в питомник, по факту её ненадлежащего содержания проводится проверка.", "main_text": null, "url_media": "https://cdnv.rt.com/russian/video/2021.03/60479ba302e8bd434b2a41fd.mp4", "time_post": "2021-03-9 19:16", "gallery_img": "[]"}}, {"model": "listanimal.animalnews", "pk": 10, "fields": {"url_news": "https://russian.rt.com/nopolitics/news/840411-dressirovschik-lvov-boris-biryukov-smert", "description_news": "Умер дрессировщик львов Борис Бирюков", "heading": "Народный артист РСФСР, дрессировщик львов, директор Воронежского цирка имени Дурова Борис Бирюков скончался на 85-м году жизни, сообщили в Росгосцирке.", "main_text": "«Администрация и профсоюзный комитет Российской государственной цирковой компании с глубоким прискорбием извещают, что сегодня на 85-м году ушёл из жизни народный артист РСФСР, выдающийся дрессировщик львов, директор Воронежского цирка с 20-летним стажем, отдавший служению Росгосцирку более 70 лет, Борис (Бериян) Бирюков», — цитирует пресс-службу ТАСС.Бирюков возглавлял Воронежский государственный цирк имени А.Л. Дурова с 1996 года.Он был удостоен ордена Почёта и ордена «За службу Отечеству» IV степени.В октябре в Москве сотрудник цирка погиб в результате нападения медведя.", "url_media": "https://cdni.rt.com/russian/images/2021.03/article/6045fc0aae5ac96b873bd4c6.png", "time_post": "2021-03-8 13:28", "gallery_img": "[]"}}, {"model": "listanimal.animalnews", "pk": 11, "fields": {"url_news": "https://russian.rt.com/russia/news/839041-udmurtiya-brechalov-investory", "description_news": "Глава Удмуртии подписал соглашение с двумя инвесторами региона", "heading": "Глава Удмуртии Александр Бречалов подписал соглашения с инвесторами Шарканского и Ярского районов в рамках программы «Комплексное развитие сельских территорий». Документами они обменялись во время открытия культурно-досугового центра в селе Шаркан.", "main_text": "Об этом сообщает ИА «Удмуртия».Генеральный директор АО «Ошмес» Анатолий Хохряков взял на себя обязательства построить коровник на 600 голов стоимостью более 300 млн рублей. В населённом пункте появится 24 дополнительных рабочих места.В этот же день Бречалов подписал соглашение с гендиректором АО «Фаленская межрайонная станция по травам» Сергеем Лобановым. По инвестиционному проекту в Ярском районе построят животноводческий комплекс на 3,2 тыс. голов крупного рогатого скота. В его составе будут четыре молочные фермы на 600 голов, что создаст ещё 100 рабочих мест.Как ранее сообщал телеканал «360», новый тепличный комплекс по выращиванию цветов и рассады открыли в Раменском городском округе Подмосковья.", "url_media": "https://cdni.rt.com/russian/images/2021.03/article/6040e01cae5ac90b13776527.jpg", "time_post": "2021-03-4 16:52", "gallery_img": "[]"}}, {"model": "listanimal.animalnews", "pk": 12, "fields": {"url_news": "https://russian.rt.com/russia/news/837847-ugolovnoe-delo-ohota", "description_news": "СК в Тверской области возбудил дело после убийства лося", "heading": "Следственный комитет возбудил уголовное дело после того, как в Вологодской области несколько человек во время незаконной охоты убили самку лося.", "main_text": "Возбуждено уголовное дело по факту незаконной охоты (ч. 2 ст. 258 УК России).«По версии следствия, в период с 23 по 26 февраля текущего года несколько лиц, предварительно договорившись между собой, находясь на участке местности вблизи деревни Раменье Череповецкого района Вологодской области, совершили незаконную добычу одной особи дикого животного — лося (самки)», — заявили в СК.По данным Министерства природных ресурсов и экологии Тверской области, государству причинён вред в размере 400 тыс. рублей.В январе 2020 года на Ямале возбудили уголовное дело в отношении двух жителей Надыма, незаконно охотившихся на диких оленей.Также в октябре 2020 года прокуратура Приморского края завела дело на жителя города Арсеньева за незаконное хранение шкуры краснокнижного белого медведя, охота на которого запрещена с 1957 года.", "url_media": "https://cdni.rt.com/russian/images/2021.03/article/603cf38bae5ac9412e535f23.png", "time_post": "2021-03-1 17:10", "gallery_img": "[]"}}, {"model": "listanimal.animalnews", "pk": 13, "fields": {"url_news": "https://russian.rt.com/nopolitics/news/837819-opros-rossiya-zhivotnye", "description_news": "Опрос: 73% россиян держат хотя бы одно домашнее животное", "heading": "Большинство россиян (73%) держат хотя бы одно домашнее животное, следует из данных опроса компании «Сбербанк страхование».", "main_text": "Об этом сообщает сайт «Москва 24».«Тратить на покупку пушистых любимцев большие суммы россияне не готовы. За котёнка в среднем по стране респонденты собираются заплатить 543 рубля, за щенка — 1700 рублей. Москвичи рассчитывают на большие суммы: котёнка они готовы приобрести за 1306 рублей, щенка — за 4500 рублей», — заявил вице-президент Сбербанка Вячеслав Цыбульников.По его словам, 84% владельцев только на лечение животных тратят около 10 тыс. рублей в год.Также выяснилось, что около 32% подобрали своего питомца на улице, ещё 7% взяли животное в приюте.Ранее, как сообщала газета «Известия», кинологи рассказали, как защитить собак от зимних реагентов.", "url_media": "https://cdni.rt.com/russian/images/2021.03/article/603ce406ae5ac932da14b78b.png", "time_post": "2021-03-1 16:15", "gallery_img": "[]"}}, {"model": "listanimal.animalnews", "pk": 14, "fields": {"url_news": "https://russian.rt.com/sport/news/836959-trusova-novaya-sobaka", "description_news": "Фигуристке Трусовой подарили ещё одну собаку", "heading": "Российская фигуристка Александра Трусова рассказала, что ей подарили ещё одну собаку.", "main_text": "Об этом она сообщила в своём Instagram, сопроводив фото со своим новым питомцем подписью: «Моя новая собака — Алита. За что? Просто так!»Публикация от Sasha Trusova (@avtrusova)Теперь у 16-летней фигуристки уже три собаки, первых двух ей подарили родители.Ранее появилось видео новой произвольной программы фигуристки Косторной.", "url_media": "https://cdni.rt.com/russian/images/2021.02/article/60396264ae5ac9449c0c9f25.jpg", "time_post": "2021-02-27 00:03", "gallery_img": "[]"}}, {"model": "listanimal.animalnews", "pk": 15, "fields": {"url_news": "https://russian.rt.com/nopolitics/news/836896-priroda-zhivotnye-rossiya", "description_news": "В Госдуме напомнили о возможных рисках при покупке животных в зоомагазинах", "heading": "Председатель комитета Госдумы по экологии и охране окружающей среды Владимир Бурматов напомнил о возможных рисках при покупке животных в зоомагазинах и на птичьих рынках.", "main_text": "«Сегодня большинство зоомагазинов и большинство птичьих рынков не имеют условий для нормального содержания животных. Это не вопрос запрета продажи, а констатация факта того, что сегодня и на птичьих рынках, и в зоомагазинах животные находятся в таких условиях, которые подпадают под статью о жестоком обращении с животными. Это безобразие», — заявил он в беседе с радиостанцией «Говорит Москва».По его словам, речь идёт о создании нормальных условий для животных, которые не должны становиться заложниками человеческой алчности.Как считает Бурматов, животных лучше продавать, например, в специализированных питомниках, также нужен предварительный осмотр ветеринаров.«Мы планируем это через норму, которая будет обязывать зоомагазины и рынки создавать условия для животных, которые являются нормальными для их существования. Те учреждения, которые сегодня не имеют таких условий, — нормальных отапливаемых, вентилируемых вольеров, ветеринарной службы, которая может оказать животным помощь и гарантировать, что человек не купит больное животное, — они должны будут с этого рынка уйти», — пояснил депутат.Ранее, как сообщала газета «Известия», кинологи рассказали, как защитить собак от зимних реагентов.", "url_media": "https://cdni.rt.com/russian/images/2021.02/article/6039264bae5ac9296b7eb3ef.jpg", "time_post": "2021-02-26 21:13", "gallery_img": "[]"}}, {"model": "listanimal.newestlogfilecontent", "pk": 1, "fields": {"log_filename": "commands.create_news", "content": "Ошибка отправки новости на ящик:В Госдуме напомнили о возможных рисках при покупке животных в зоомагазинах,2021-03-17 15:31:09.666026+00:00,(535, b'5.7.8 Username and Password not accepted. Learn more at\\n5.7.8  https://support.google.com/mail/?p=BadCredentials x31sm3470788lfu.10 - gsmtp')\nОшибка отправки новости на ящик:В Госдуме напомнили о возможных рисках при покупке животных в зоомагазинах,2021-03-17 15:33:39.526063+00:00,(535, b'5.7.8 Username and Password not accepted. Learn more at\\n5.7.8  https://support.google.com/mail/?p=BadCredentials f25sm3414458lfh.226 - gsmtp')\nОшибка отправки новости на ящик:В Госдуме напомнили о возможных рисках при покупке животных в зоомагазинах,2021-03-17 15:36:26.812707+00:00,(535, b'5.7.8 Username and Password not accepted. Learn more at\\n5.7.8  https://support.google.com/mail/?p=BadCredentials i16sm3528025ljj.74 - gsmtp')\nОшибка отправки новости на ящик:В Госдуме напомнили о возможных рисках при покупке животных в зоомагазинах,2021-03-17 15:37:22.156071+00:00,(535, b'5.7.8 Username and Password not accepted. Learn more at\\n5.7.8  https://support.google.com/mail/?p=BadCredentials o19sm285488lfg.180 - gsmtp')\nОшибка отправки новости на ящик:Gerald,2021-03-17 16:08:27.869381+00:00,(535, b'5.7.8 Username and Password not accepted. Learn more at\\n5.7.8  https://support.google.com/mail/?p=BadCredentials i10sm622719lfd.100 - gsmtp')\nОшибка отправки новости на ящик:Gyro,2021-03-17 16:14:44.699874+00:00,(535, b'5.7.8 Username and Password not accepted. Learn more at\\n5.7.8  https://support.google.com/mail/?p=BadCredentials l12sm3584699lji.122 - gsmtp')\nОшибка отправки новости на ящик:Sarah,2021-03-17 16:25:15.062326+00:00,(535, b'5.7.8 Username and Password not accepted. Learn more at\\n5.7.8  https://support.google.com/mail/?p=BadCredentials h4sm3574999lji.84 - gsmtp')\nОшибка отправки новости на ящик:Peppermint Patty JuM,2021-03-17 16:47:05.049834+00:00,(535, b'5.7.8 Username and Password not accepted. Learn more at\\n5.7.8  https://support.google.com/mail/?p=BadCredentials l29sm3448165lfp.63 - gsmtp')\nОшибка отправки новости на ящик:В Госдуме напомнили о возможных рисках при покупке животных в зоомагазинах,2021-03-17 16:48:11.604487+00:00,(535, b'5.7.8 Username and Password not accepted. Learn more at\\n5.7.8  https://support.google.com/mail/?p=BadCredentials 21sm3446181lfh.231 - gsmtp')\nОшибка отправки новости на ящик:В Госдуме напомнили о возможных рисках при покупке животных в зоомагазинах,2021-03-17 17:00:20.440972+00:00,(535, b'5.7.8 Username and Password not accepted. Learn more at\\n5.7.8  https://support.google.com/mail/?p=BadCredentials s22sm3549146ljd.28 - gsmtp')\nОшибка отправки новости на ящик:CLOVER,2021-03-17 17:01:04.134506+00:00,(535, b'5.7.8 Username and Password not accepted. Learn more at\\n5.7.8  https://support.google.com/mail/?p=BadCredentials i21sm3393045lfe.102 - gsmtp')\nОшибка отправки новости на ящик:В Госдуме напомнили о возможных рисках при покупке животных в зоомагазинах,2021-03-18 09:28:19.256589+00:00,(535, b'5.7.8 Username and Password not accepted. Learn more at\\n5.7.8  https://support.google.com/mail/?p=BadCredentials w1sm169962ljw.14 - gsmtp')\n", "last_updated": "2021-03-18T09:28:19.273Z"}}]